{
    "categories": {},
    "golden_zones": {
        "mouth_expressiveness_mean": {
            "min": -0.05471776053309438,
            "max": 0.7030584812164307,
            "mean": 0.3639831920358541,
            "direction": "INCREASING"
        },
        "mouth_expressiveness_std": {
            "min": 0.7390100061893463,
            "max": 1.0322105884552002,
            "mean": 0.880339779758799,
            "direction": "INCREASING"
        },
        "mouth_expressiveness_max": {
            "min": 1.9615556895732882,
            "max": 3.2427233457565308,
            "mean": 2.6068500544497932,
            "direction": "INCREASING"
        },
        "head_nodding_mean": {
            "min": -0.19396849349141115,
            "max": 0.37512731552124023,
            "mean": 0.1215982882977055,
            "direction": "INCREASING"
        },
        "head_nodding_std": {
            "min": 0.5449819266796112,
            "max": 0.953787311911583,
            "mean": 0.777593019388724,
            "direction": "INVERTED_U"
        },
        "head_nodding_max": {
            "min": 1.445604383945465,
            "max": 3.4154760241508484,
            "mean": 2.6231508375509924,
            "direction": "INVERTED_U"
        },
        "head_tilt_mean": {
            "min": -0.46801670640707016,
            "max": 0.4411236047744751,
            "mean": 0.004594201818142304,
            "direction": "DECREASING"
        },
        "head_tilt_std": {
            "min": 0.5108509361743927,
            "max": 0.8579165041446686,
            "mean": 0.6909514124086802,
            "direction": "INCREASING"
        },
        "head_tilt_max": {
            "min": 0.7456347644329071,
            "max": 1.8513849973678589,
            "mean": 1.2990510370136927,
            "direction": "INCREASING"
        },
        "shoulder_alignment_mean": {
            "min": -0.4664562717080116,
            "max": 0.4412796720862388,
            "mean": -0.0006711964999102852,
            "direction": "INVERTED_U"
        },
        "shoulder_alignment_std": {
            "min": 0.32610110938549036,
            "max": 0.5483734458684921,
            "mean": 0.46781370073988815,
            "direction": "INCREASING"
        },
        "shoulder_alignment_max": {
            "min": 0.4894023835659027,
            "max": 1.4812843203544617,
            "mean": 1.0281008649671424,
            "direction": "INCREASING"
        },
        "forward_lean_mean": {
            "min": -0.36472002416849136,
            "max": 0.005187432747334175,
            "mean": -0.1322770249528348,
            "direction": "INVERTED_U"
        },
        "forward_lean_std": {
            "min": 0.2430507354438305,
            "max": 0.5768411457538605,
            "mean": 0.45877465389237027,
            "direction": "INVERTED_U"
        },
        "forward_lean_max": {
            "min": 0.44044118374586105,
            "max": 1.9851259589195251,
            "mean": 1.468999603130868,
            "direction": "INVERTED_U"
        },
        "left_hand_velocity_mean": {
            "min": -0.1294504068791866,
            "max": 0.6411131620407104,
            "mean": 0.28733432108729967,
            "direction": "INCREASING"
        },
        "left_hand_velocity_std": {
            "min": 0.7582544386386871,
            "max": 1.192873477935791,
            "mean": 0.9573145900515543,
            "direction": "INCREASING"
        },
        "left_hand_velocity_max": {
            "min": 2.664671301841736,
            "max": 2.868857145309448,
            "mean": 2.5302574043256647,
            "direction": "INCREASING"
        },
        "right_hand_velocity_mean": {
            "min": -0.1532183699309826,
            "max": 0.6707219034433365,
            "mean": 0.2729652701080709,
            "direction": "INCREASING"
        },
        "right_hand_velocity_std": {
            "min": 0.7340768128633499,
            "max": 1.1796821653842928,
            "mean": 0.9413505731069524,
            "direction": "INCREASING"
        },
        "right_hand_velocity_max": {
            "min": 2.558612406253815,
            "max": 2.8207905292510986,
            "mean": 2.478648377350275,
            "direction": "INCREASING"
        },
        "left_hand_expressiveness_mean": {
            "min": -0.12784528359770767,
            "max": 0.6942061632871628,
            "mean": 0.29432957976941776,
            "direction": "INCREASING"
        },
        "left_hand_expressiveness_std": {
            "min": 0.8027493059635162,
            "max": 1.1228952705860138,
            "mean": 0.9353046906383141,
            "direction": "INCREASING"
        },
        "left_hand_expressiveness_max": {
            "min": 2.823076069355011,
            "max": 3.123443841934204,
            "mean": 2.7681576346681602,
            "direction": "INCREASING"
        },
        "right_hand_expressiveness_mean": {
            "min": -0.14424714446067807,
            "max": 0.6956407725811005,
            "mean": 0.2769085518609179,
            "direction": "INCREASING"
        },
        "right_hand_expressiveness_std": {
            "min": 0.7677065879106522,
            "max": 1.106032520532608,
            "mean": 0.9178120412040448,
            "direction": "INCREASING"
        },
        "right_hand_expressiveness_max": {
            "min": 2.7454771399497986,
            "max": 3.0877720713615417,
            "mean": 2.7128873118779797,
            "direction": "INCREASING"
        },
        "body_stillness_mean": {
            "min": -0.337471142411232,
            "max": 0.502172201871872,
            "mean": 0.11776330471224408,
            "direction": "INCREASING"
        },
        "body_stillness_std": {
            "min": 0.5237808376550674,
            "max": 0.9398525208234788,
            "mean": 0.7333822336749755,
            "direction": "INVERTED_U"
        },
        "body_stillness_max": {
            "min": 1.0634226500988007,
            "max": 2.00765323638916,
            "mean": 1.5397806470457842,
            "direction": "INCREASING"
        },
        "hand_gesture_range_mean": {
            "min": -0.3125819265842438,
            "max": -0.3125819265842438,
            "mean": -0.11583082606827004,
            "direction": "INVERTED_U"
        },
        "hand_gesture_range_std": {
            "min": 2.9802322387695312e-08,
            "max": 2.9802322387695312e-08,
            "mean": 3.9866005164989524e-08,
            "direction": "INVERTED_U"
        },
        "hand_gesture_range_max": {
            "min": -0.3125818967819214,
            "max": -0.3125818967819214,
            "mean": -0.11583079795042674,
            "direction": "INVERTED_U"
        },
        "smile_intensity_mean": {
            "min": -0.17065190151333803,
            "max": 0.6496082693338394,
            "mean": 0.32765708899452767,
            "direction": "INCREASING"
        },
        "smile_intensity_std": {
            "min": 0.598375603556633,
            "max": 1.4236540496349337,
            "mean": 0.9826843930257619,
            "direction": "INCREASING"
        },
        "smile_intensity_max": {
            "min": 2.4772287011146545,
            "max": 4.241555571556091,
            "mean": 3.1372906725624223,
            "direction": "INCREASING"
        },
        "gaze_consistency_std": {
            "min": 0.4485946521162986,
            "max": 0.849197119474411,
            "mean": 0.6476505926607744,
            "direction": "INVERTED_U"
        },
        "shoulder_alignment_cv": {
            "min": 0.5392837235131777,
            "max": 2.1440174515954373,
            "mean": 4.622691596595552,
            "direction": "INCREASING"
        },
        "shoulder_alignment_peak_ratio": {
            "min": 1.1285112553900132,
            "max": 4.896999541501646,
            "mean": 10.232373608336147,
            "direction": "INCREASING"
        },