{
  "loudness_sma3_percentile20.0": {
    "p25": 0.27924245999999997,
    "p50": 0.48719663999999996,
    "p75": 0.7711266
  },
  "loudnessPeaksPerSec": {
    "p25": 2.9431,
    "p50": 3.466318,
    "p75": 3.9895356
  },
  "vocal_projection": {
    "p25": 2.8557055884220572,
    "p50": 4.420508425396525,
    "p75": 6.582406292638428
  },
  "F3amplitudeLogRelF0_sma3nz_stddevNorm": {
    "p25": -1.39794055,
    "p50": -1.22425825,
    "p75": -1.064802475
  },
  "loudness_dynamics_power": {
    "p25": 2.677999507860105,
    "p50": 4.21982561929524,
    "p75": 6.525515157673049
  },
  "loudness_sma3_stddevNorm": {
    "p25": 0.536985555,
    "p50": 0.62766025,
    "p75": 0.732316115
  },
  "F2amplitudeLogRelF0_sma3nz_stddevNorm": {
    "p25": -1.52872455,
    "p50": -1.3343501500000001,
    "p75": -1.153898925
  },
  "slopeUV500-1500_sma3nz_amean": {
    "p25": -0.012040678999999999,
    "p50": -0.0078999455,
    "p75": -0.0039853095
  },
  "F2bandwidth_sma3nz_stddevNorm": {
    "p25": 0.33063363,
    "p50": 0.380383645,
    "p75": 0.432469555
  },
  "F3amplitudeLogRelF0_sma3nz_amean": {
    "p25": -71.862695,
    "p50": -56.5059365,
    "p75": -43.8403625
  },
  "hammarbergIndexV_sma3nz_stddevNorm": {
    "p25": 0.37401578,
    "p50": 0.452895075,
    "p75": 0.5533332425
  },
  "F2amplitudeLogRelF0_sma3nz_amean": {
    "p25": -69.455205,
    "p50": -53.8424075,
    "p75": -40.469758999999996
  },
  "loudness_sma3_meanRisingSlope": {
    "p25": 11.018980749999999,
    "p50": 16.315511,
    "p75": 22.85833075
  },
  "loudness_sma3_stddevRisingSlope": {
    "p25": 6.568743875,
    "p50": 9.632042,
    "p75": 13.690114
  },
  "mfcc1_sma3_stddevNorm": {
    "p25": 0.49302221749999997,
    "p50": 0.64123358,
    "p75": 0.850941925
  },
  "HNRdBACF_sma3nz_amean": {
    "p25": 1.49888225,
    "p50": 3.0411269499999998,
    "p75": 4.542352125000001
  },
  "F2frequency_sma3nz_stddevNorm": {
    "p25": 0.16082843,
    "p50": 0.17563468,
    "p75": 0.1919233325
  },
  "mfcc1V_sma3nz_stddevNorm": {
    "p25": 0.3637273325,
    "p50": 0.444001975,
    "p75": 0.562109575
  },
  "F3frequency_sma3nz_stddevNorm": {
    "p25": 0.1078811365,
    "p50": 0.1168843,
    "p75": 0.12619739
  },
  "F0semitoneFrom27.5Hz_sma3nz_stddevNorm": {
    "p25": 0.166078275,
    "p50": 0.21323906,
    "p75": 0.27457339999999997
  },
  "shimmerLocaldB_sma3nz_amean": {
    "p25": 1.22823415,
    "p50": 1.3344643999999999,
    "p75": 1.46080295
  },
  "MeanUnvoicedSegmentLength": {
    "p25": 0.06824999,
    "p50": 0.09488088,
    "p75": 0.13608333250000001
  },
  "spectralFlux_sma3_amean": {
    "p25": 0.4485742275,
    "p50": 0.7713980199999999,
    "p75": 1.2507434750000002
  },
  "loudness_sma3_meanFallingSlope": {
    "p25": 7.446084775,
    "p50": 11.2492975,
    "p75": 15.761173125
  },
  "voiced_flow": {
    "p25": 0.677165339582676,
    "p50": 0.75787399078412,
    "p75": 0.8330051004311325
  },
  "mfcc2V_sma3nz_stddevNorm": {
    "p25": -2.400545525,
    "p50": -1.05886315,
    "p75": 1.89353445
  },
  "alphaRatioV_sma3nz_amean": {
    "p25": -12.450225999999999,
    "p50": -9.334926,
    "p75": -6.69434425
  },
  "vocal_instability": {
    "p25": 0.04493093578481025,
    "p50": 0.06253642983603586,
    "p75": 0.0842149191159675
  },
  "logRelF0-H1-H2_sma3nz_stddevNorm": {
    "p25": 1.702558225,
    "p50": 2.6804259000000004,
    "p75": 4.47761935
  },
  "HNRdBACF_sma3nz_stddevNorm": {
    "p25": 1.00109735,
    "p50": 1.424344,
    "p75": 2.310539825
  },
  "hammarbergIndexUV_sma3nz_amean": {
    "p25": 7.60982325,
    "p50": 10.472992,
    "p75": 14.294162499999999
  },
  "slopeV0-500_sma3nz_stddevNorm": {
    "p25": 0.2998383175,
    "p50": 0.487972545,
    "p75": 0.9956898075
  },
  "spectralFlux_sma3_stddevNorm": {
    "p25": 0.739040325,
    "p50": 0.8631475550000001,
    "p75": 1.007671475
  },
  "F3bandwidth_sma3nz_stddevNorm": {
    "p25": 0.3836759325,
    "p50": 0.44073768,
    "p75": 0.49671350000000003
  },
  "alphaRatioV_sma3nz_stddevNorm": {
    "p25": -1.070261375,
    "p50": -0.76369428,
    "p75": -0.556641175
  },
  "loudness_sma3_stddevFallingSlope": {
    "p25": 4.634663625,
    "p50": 6.64227715,
    "p75": 9.12044725
  },
  "mfcc3_sma3_stddevNorm": {
    "p25": 0.9197343725,
    "p50": 1.5049355,
    "p75": 2.6958205250000002
  },
  "loudness_sma3_pctlrange0-2": {
    "p25": 0.8609094749999999,
    "p50": 1.2466836,
    "p75": 1.783463775
  },
  "mfcc4V_sma3nz_stddevNorm": {
    "p25": -2.159946325,
    "p50": -1.1807489,
    "p75": -0.66745592
  },
  "mfcc4_sma3_stddevNorm": {
    "p25": -2.5303071249999998,
    "p50": -1.3523785,
    "p75": -0.550723035
  },
  "slopeUV0-500_sma3nz_amean": {
    "p25": -0.01327885675,
    "p50": 0.015006438,
    "p75": 0.04355645475
  },
  "brightness_contrast": {
    "p25": -0.09139066274999999,
    "p50": -0.06495021249999999,
    "p75": -0.0314075265
  },
  "shimmerLocaldB_sma3nz_stddevNorm": {
    "p25": 0.582434025,
    "p50": 0.64384535,
    "p75": 0.713005475
  },
  "loudness_sma3_percentile50.0": {
    "p25": 0.6447483374999999,
    "p50": 0.995495635,
    "p75": 1.421511375
  },
  "loudness_sma3_percentile80.0": {
    "p25": 1.2266583500000001,
    "p50": 1.78330115,
    "p75": 2.5081105
  }
}